epoch,time,train/box_loss,train/cls_loss,train/dfl_loss,metrics/precision(B),metrics/recall(B),metrics/mAP50(B),metrics/mAP50-95(B),val/box_loss,val/cls_loss,val/dfl_loss,lr/pg0,lr/pg1,lr/pg2
1,149.194,1.32664,2.2808,1.43415,0.71225,0.70645,0.73818,0.45118,1.29263,6.54611,1.34981,0.00332686,0.00332686,0.00332686
2,296.782,1.32884,1.53193,1.40582,0.65465,0.56219,0.57799,0.3315,1.42381,4.99136,1.54229,0.00663822,0.00663822,0.00663822
