epoch,time,train/box_loss,train/cls_loss,train/dfl_loss,metrics/precision(B),metrics/recall(B),metrics/mAP50(B),metrics/mAP50-95(B),val/box_loss,val/cls_loss,val/dfl_loss,lr/pg0,lr/pg1,lr/pg2
1,189.566,1.30363,0.93495,1.29996,0.87036,0.76382,0.79123,0.51745,1.23405,0.67388,1.33178,0.00333036,0.00333036,0.00333036
2,371.679,1.27968,0.90339,1.28916,0.89638,0.76225,0.79385,0.52309,1.22937,0.65743,1.32526,0.0066417,0.0066417,0.0066417
3,550.017,1.26775,0.88325,1.27827,0.88539,0.75691,0.78855,0.51525,1.24193,0.6848,1.3359,0.00993104,0.00993104,0.00993104
4,722.879,1.269,0.87424,1.27191,0.89419,0.76568,0.79862,0.52229,1.24056,0.66107,1.33522,0.009901,0.009901,0.009901
5,896.342,1.2672,0.85262,1.27326,0.8586,0.75031,0.78615,0.51118,1.2418,0.69151,1.3444,0.009868,0.009868,0.009868
6,1069.06,1.25096,0.84013,1.26696,0.88417,0.76706,0.79755,0.52105,1.23641,0.66556,1.34136,0.009835,0.009835,0.009835
7,1245.89,1.2496,0.84239,1.26785,0.87903,0.74852,0.78844,0.51139,1.25201,0.69495,1.34958,0.009802,0.009802,0.009802
