epoch,time,train/box_loss,train/cls_loss,train/dfl_loss,metrics/precision(B),metrics/recall(B),metrics/mAP50(B),metrics/mAP50-95(B),val/box_loss,val/cls_loss,val/dfl_loss,lr/pg0,lr/pg1,lr/pg2
1,107.247,1.30478,0.74951,1.0882,0.85928,0.80928,0.87389,0.53213,1.33073,0.80481,1.23593,0.000475568,0.000475568,0.000475568
2,205.474,1.32512,0.75978,1.09914,0.86977,0.79922,0.87402,0.53306,1.33634,0.80693,1.23332,0.000920488,0.000920488,0.000920488
3,298.706,1.33793,0.77932,1.10421,0.86541,0.79207,0.86818,0.5193,1.36448,0.81706,1.25173,0.00133397,0.00133397,0.00133397
4,394.758,1.34495,0.78092,1.1033,0.88458,0.81102,0.88755,0.53743,1.32759,0.77434,1.23583,0.00128753,0.00128753,0.00128753
5,484.878,1.33482,0.7654,1.10202,0.88252,0.82955,0.88819,0.54487,1.30857,0.75643,1.21185,0.00124037,0.00124037,0.00124037
6,571.628,1.32606,0.75256,1.09061,0.88972,0.82037,0.89579,0.56351,1.27889,0.72128,1.18547,0.00119322,0.00119322,0.00119322
